Metric,Value
RMSE,72.95431197666012
R-squared score,0.9475990949356267
