Feature,Coefficient
Count,2.0118368987260795
Mean_conf,-1.5121774092534443
Mean_brightness,-1.5731199370335
Mean_rad_pwr,0.4878341063053981
